{"island_feature_maps": [{"9-0": "ddd05018-ef04-4130-a004-eadcb014459a"}, {"9-0": "e3128c27-9c94-486c-a11f-60f0000e85fd"}], "islands": [["c518b50f-b520-41da-b4ba-7a40a90cf533", "6be8e0a7-e299-45a1-8732-e741adb38299", "ddd05018-ef04-4130-a004-eadcb014459a", "b827f569-f16e-4f07-8238-7632b817572a", "a5ee2978-3ce2-472a-bcc1-e1d70965b49e", "15ad3462-5c27-428d-aa05-0212efc894a4", "0c0ab283-6a4b-4681-be4f-ff7b0b77f7e2", "32eaeefd-c99c-4703-989b-973405e1c099", "add2b9bc-506d-4e97-8ae3-56632ec7a4a4", "b4161673-dbe1-468f-acd9-68dc3e16c0a1"], ["249047c6-8eb1-41ab-9bc4-1b3977e6ce7d", "30fe099b-7801-46c4-950c-69f8bbfb7b60", "28a8b868-9329-4f06-875a-ce3f5436c92d", "93dd5101-9ad0-4f1f-a15b-45cd71429cc6", "f6ef31cd-d510-4c0f-a6cb-1f13b67c150b", "03e176bc-c375-473d-82ac-0aea9d2c77c8", "905e78ae-f411-4505-b7cb-b07585dcff0a", "7eecfcd5-c63c-474f-b3d8-5a2c42b1b6b7", "08608631-ba6f-4119-be79-c27f9f25f082", "8b2edfa6-87a3-48fe-bbcf-18a24e2fdda0", "7ede169a-5bc2-45b8-9dbd-17751b66a11a", "2f3670df-9100-4747-bf82-d94b8171253b", "85e7467c-b012-407d-bf1b-c6a267061680", "e3128c27-9c94-486c-a11f-60f0000e85fd"]], "archive": ["b827f569-f16e-4f07-8238-7632b817572a", "ddd05018-ef04-4130-a004-eadcb014459a", "28a8b868-9329-4f06-875a-ce3f5436c92d", "32eaeefd-c99c-4703-989b-973405e1c099", "add2b9bc-506d-4e97-8ae3-56632ec7a4a4", "2f3670df-9100-4747-bf82-d94b8171253b", "85e7467c-b012-407d-bf1b-c6a267061680", "e3128c27-9c94-486c-a11f-60f0000e85fd", "b4161673-dbe1-468f-acd9-68dc3e16c0a1", "249047c6-8eb1-41ab-9bc4-1b3977e6ce7d", "c518b50f-b520-41da-b4ba-7a40a90cf533", "30fe099b-7801-46c4-950c-69f8bbfb7b60", "6be8e0a7-e299-45a1-8732-e741adb38299", "a5ee2978-3ce2-472a-bcc1-e1d70965b49e", "15ad3462-5c27-428d-aa05-0212efc894a4", "0c0ab283-6a4b-4681-be4f-ff7b0b77f7e2", "93dd5101-9ad0-4f1f-a15b-45cd71429cc6", "f6ef31cd-d510-4c0f-a6cb-1f13b67c150b", "03e176bc-c375-473d-82ac-0aea9d2c77c8", "905e78ae-f411-4505-b7cb-b07585dcff0a", "7eecfcd5-c63c-474f-b3d8-5a2c42b1b6b7", "08608631-ba6f-4119-be79-c27f9f25f082", "8b2edfa6-87a3-48fe-bbcf-18a24e2fdda0", "7ede169a-5bc2-45b8-9dbd-17751b66a11a"], "best_program_id": "ddd05018-ef04-4130-a004-eadcb014459a", "island_best_programs": ["ddd05018-ef04-4130-a004-eadcb014459a", "e3128c27-9c94-486c-a11f-60f0000e85fd"], "last_iteration": 40, "current_island": 0, "island_generations": [20, 20], "last_migration_generation": 20, "feature_stats": {"ops_per_sec": {"min": 32.212022, "max": 40.799622, "values": [32.212022, 40.479954, 40.769672, 40.480264, 40.701193, 39.902984, 40.785936, 40.063095, 40.690291, 40.753506, 40.775932, 40.76175, 40.743577, 40.546459, 40.712716, 40.172872, 40.766649, 40.566691, 40.771678, 40.751653, 40.76175, 40.785936, 40.171004, 40.52797, 40.400586, 40.493859, 40.603134, 40.379266, 40.504727, 40.599044, 40.600619, 40.799622, 40.508505, 40.430853, 40.795155, 40.773668, 40.74699, 40.76527, 40.271925, 40.498948, 40.573225, 40.793912, 40.799622, 40.256742]}, "p99_latency_us": {"min": 24522.126, "max": 30776.609, "values": [30776.609, 24723.29, 24535.59, 24732.626, 24578.125, 25073.346, 24526.24, 24953.549, 24682.533, 24554.881, 24551.744, 24550.753, 24582.133, 24700.593, 24616.527, 24909.389, 24545.474, 24660.963, 24539.422, 24561.276, 24550.753, 24526.24, 24915.102, 24686.335, 24904.534, 24719.916, 24655.265, 24926.857, 24724.675, 24649.187, 24646.803, 24522.126, 24711.144, 24742.441, 24526.088, 24538.533, 24572.322, 24550.16, 24839.366, 24698.151, 24687.837, 24535.326, 24522.126, 24832.903]}}}