{"island_feature_maps": [{"9-0": "ddd05018-ef04-4130-a004-eadcb014459a"}, {"9-0": "e3128c27-9c94-486c-a11f-60f0000e85fd"}], "islands": [["c518b50f-b520-41da-b4ba-7a40a90cf533", "c66413b3-e2a6-45b9-8eab-a610b07626c7", "ddd05018-ef04-4130-a004-eadcb014459a", "b827f569-f16e-4f07-8238-7632b817572a", "e065be7e-5445-4f1e-ab38-37b58c08925c", "15ad3462-5c27-428d-aa05-0212efc894a4", "0c0ab283-6a4b-4681-be4f-ff7b0b77f7e2", "f8a92874-39eb-42db-bcfc-558377b93134", "add2b9bc-506d-4e97-8ae3-56632ec7a4a4", "cbd47663-6e07-4a8e-abde-5b878f304e3f"], ["249047c6-8eb1-41ab-9bc4-1b3977e6ce7d", "30fe099b-7801-46c4-950c-69f8bbfb7b60", "51fd792d-ecb3-4ab4-a430-6802b502f5b0", "28a8b868-9329-4f06-875a-ce3f5436c92d", "0bbda73c-caf1-447d-9f79-c9ee11d08866", "f6ef31cd-d510-4c0f-a6cb-1f13b67c150b", "03e176bc-c375-473d-82ac-0aea9d2c77c8", "905e78ae-f411-4505-b7cb-b07585dcff0a", "7eecfcd5-c63c-474f-b3d8-5a2c42b1b6b7", "8b2edfa6-87a3-48fe-bbcf-18a24e2fdda0", "7ede169a-5bc2-45b8-9dbd-17751b66a11a", "2f3670df-9100-4747-bf82-d94b8171253b", "85e7467c-b012-407d-bf1b-c6a267061680", "e3128c27-9c94-486c-a11f-60f0000e85fd"]], "archive": ["b827f569-f16e-4f07-8238-7632b817572a", "ddd05018-ef04-4130-a004-eadcb014459a", "51fd792d-ecb3-4ab4-a430-6802b502f5b0", "28a8b868-9329-4f06-875a-ce3f5436c92d", "f8a92874-39eb-42db-bcfc-558377b93134", "add2b9bc-506d-4e97-8ae3-56632ec7a4a4", "2f3670df-9100-4747-bf82-d94b8171253b", "85e7467c-b012-407d-bf1b-c6a267061680", "e3128c27-9c94-486c-a11f-60f0000e85fd", "249047c6-8eb1-41ab-9bc4-1b3977e6ce7d", "c518b50f-b520-41da-b4ba-7a40a90cf533", "30fe099b-7801-46c4-950c-69f8bbfb7b60", "c66413b3-e2a6-45b9-8eab-a610b07626c7", "e065be7e-5445-4f1e-ab38-37b58c08925c", "15ad3462-5c27-428d-aa05-0212efc894a4", "0c0ab283-6a4b-4681-be4f-ff7b0b77f7e2", "0bbda73c-caf1-447d-9f79-c9ee11d08866", "f6ef31cd-d510-4c0f-a6cb-1f13b67c150b", "03e176bc-c375-473d-82ac-0aea9d2c77c8", "905e78ae-f411-4505-b7cb-b07585dcff0a", "7eecfcd5-c63c-474f-b3d8-5a2c42b1b6b7", "8b2edfa6-87a3-48fe-bbcf-18a24e2fdda0", "7ede169a-5bc2-45b8-9dbd-17751b66a11a", "cbd47663-6e07-4a8e-abde-5b878f304e3f"], "best_program_id": "ddd05018-ef04-4130-a004-eadcb014459a", "island_best_programs": ["ddd05018-ef04-4130-a004-eadcb014459a", "e3128c27-9c94-486c-a11f-60f0000e85fd"], "last_iteration": 50, "current_island": 0, "island_generations": [25, 25], "last_migration_generation": 20, "feature_stats": {"ops_per_sec": {"min": 32.212022, "max": 40.799622, "values": [32.212022, 40.479954, 40.769672, 40.480264, 40.701193, 39.902984, 40.785936, 40.063095, 40.690291, 40.753506, 40.775932, 40.76175, 40.743577, 40.546459, 40.712716, 40.172872, 40.766649, 40.566691, 40.771678, 40.751653, 40.76175, 40.785936, 40.171004, 40.52797, 40.400586, 40.493859, 40.603134, 40.379266, 40.504727, 40.599044, 40.600619, 40.799622, 40.508505, 40.430853, 40.795155, 40.773668, 40.74699, 40.76527, 40.271925, 40.498948, 40.573225, 40.793912, 40.799622, 40.256742, 40.665625, 40.627754, 40.779493, 40.503668, 40.322899, 40.518718, 40.71958, 40.511915, 40.791808, 40.374556]}, "p99_latency_us": {"min": 24522.126, "max": 30776.609, "values": [30776.609, 24723.29, 24535.59, 24732.626, 24578.125, 25073.346, 24526.24, 24953.549, 24682.533, 24554.881, 24551.744, 24550.753, 24582.133, 24700.593, 24616.527, 24909.389, 24545.474, 24660.963, 24539.422, 24561.276, 24550.753, 24526.24, 24915.102, 24686.335, 24904.534, 24719.916, 24655.265, 24926.857, 24724.675, 24649.187, 24646.803, 24522.126, 24711.144, 24742.441, 24526.088, 24538.533, 24572.322, 24550.16, 24839.366, 24698.151, 24687.837, 24535.326, 24522.126, 24832.903, 24602.299, 24648.28, 24534.507, 24702.52, 24705.635, 24686.536, 24686.328, 24691.587, 24527.039, 24801.441]}}}