{"island_feature_maps": [{"9-0": "ddd05018-ef04-4130-a004-eadcb014459a"}, {"9-0": "c047bba6-4363-41da-bd50-7d37ab82a312"}], "islands": [["194bae06-3db5-4d05-a1fd-ce175cadd8c9", "efb2e38b-feec-47f3-874a-aba46ef54de1", "6be8e0a7-e299-45a1-8732-e741adb38299", "ddd05018-ef04-4130-a004-eadcb014459a", "a5ee2978-3ce2-472a-bcc1-e1d70965b49e", "95237801-3086-4451-8675-5147ba24ac72", "0c0ab283-6a4b-4681-be4f-ff7b0b77f7e2", "20a906d1-5943-46ab-83aa-faf1f25a2829", "15ad3462-5c27-428d-aa05-0212efc894a4", "b4161673-dbe1-468f-acd9-68dc3e16c0a1"], ["249047c6-8eb1-41ab-9bc4-1b3977e6ce7d", "e15b4502-c472-47d1-8cc3-f534543c69b2", "4177717b-cbb2-4f02-9ac3-7ea5726d0e98", "03e176bc-c375-473d-82ac-0aea9d2c77c8", "30fe099b-7801-46c4-950c-69f8bbfb7b60", "905e78ae-f411-4505-b7cb-b07585dcff0a", "7eecfcd5-c63c-474f-b3d8-5a2c42b1b6b7", "b7789876-e946-46ae-9cb7-633c61334658", "c047bba6-4363-41da-bd50-7d37ab82a312", "8b2edfa6-87a3-48fe-bbcf-18a24e2fdda0", "7ede169a-5bc2-45b8-9dbd-17751b66a11a", "28a8b868-9329-4f06-875a-ce3f5436c92d", "2f3670df-9100-4747-bf82-d94b8171253b", "1053022d-c788-4525-9dfe-f37acec565d4", "f6ef31cd-d510-4c0f-a6cb-1f13b67c150b"]], "archive": ["efb2e38b-feec-47f3-874a-aba46ef54de1", "b7789876-e946-46ae-9cb7-633c61334658", "c047bba6-4363-41da-bd50-7d37ab82a312", "ddd05018-ef04-4130-a004-eadcb014459a", "28a8b868-9329-4f06-875a-ce3f5436c92d", "4177717b-cbb2-4f02-9ac3-7ea5726d0e98", "2f3670df-9100-4747-bf82-d94b8171253b", "95237801-3086-4451-8675-5147ba24ac72", "b4161673-dbe1-468f-acd9-68dc3e16c0a1", "249047c6-8eb1-41ab-9bc4-1b3977e6ce7d", "30fe099b-7801-46c4-950c-69f8bbfb7b60", "194bae06-3db5-4d05-a1fd-ce175cadd8c9", "6be8e0a7-e299-45a1-8732-e741adb38299", "a5ee2978-3ce2-472a-bcc1-e1d70965b49e", "1053022d-c788-4525-9dfe-f37acec565d4", "15ad3462-5c27-428d-aa05-0212efc894a4", "0c0ab283-6a4b-4681-be4f-ff7b0b77f7e2", "20a906d1-5943-46ab-83aa-faf1f25a2829", "f6ef31cd-d510-4c0f-a6cb-1f13b67c150b", "e15b4502-c472-47d1-8cc3-f534543c69b2", "03e176bc-c375-473d-82ac-0aea9d2c77c8", "905e78ae-f411-4505-b7cb-b07585dcff0a", "7eecfcd5-c63c-474f-b3d8-5a2c42b1b6b7", "8b2edfa6-87a3-48fe-bbcf-18a24e2fdda0", "7ede169a-5bc2-45b8-9dbd-17751b66a11a"], "best_program_id": "ddd05018-ef04-4130-a004-eadcb014459a", "island_best_programs": ["ddd05018-ef04-4130-a004-eadcb014459a", "c047bba6-4363-41da-bd50-7d37ab82a312"], "last_iteration": 30, "current_island": 0, "island_generations": [15, 15], "last_migration_generation": 10, "feature_stats": {"ops_per_sec": {"min": 32.212022, "max": 40.799622, "values": [32.212022, 40.479954, 40.769672, 40.480264, 40.701193, 39.902984, 40.785936, 40.063095, 40.690291, 40.753506, 40.775932, 40.76175, 40.743577, 40.546459, 40.712716, 40.172872, 40.766649, 40.566691, 40.771678, 40.751653, 40.76175, 40.785936, 40.171004, 40.52797, 40.400586, 40.493859, 40.603134, 40.379266, 40.504727, 40.599044, 40.600619, 40.799622, 40.508505]}, "p99_latency_us": {"min": 24522.126, "max": 30776.609, "values": [30776.609, 24723.29, 24535.59, 24732.626, 24578.125, 25073.346, 24526.24, 24953.549, 24682.533, 24554.881, 24551.744, 24550.753, 24582.133, 24700.593, 24616.527, 24909.389, 24545.474, 24660.963, 24539.422, 24561.276, 24550.753, 24526.24, 24915.102, 24686.335, 24904.534, 24719.916, 24655.265, 24926.857, 24724.675, 24649.187, 24646.803, 24522.126, 24711.144]}}}