{"island_feature_maps": [{"5-5": "904c3200-b8e5-4fd1-b338-e02abe7eabdf", "9-0": "094ab6ea-622f-442f-8df0-89a53447dd59", "8-0": "250062d6-2f2c-4de0-976d-2b982324caaa"}, {"9-0": "c047bba6-4363-41da-bd50-7d37ab82a312"}], "islands": [["194bae06-3db5-4d05-a1fd-ce175cadd8c9", "efb2e38b-feec-47f3-874a-aba46ef54de1", "094ab6ea-622f-442f-8df0-89a53447dd59", "a5ee2978-3ce2-472a-bcc1-e1d70965b49e", "904c3200-b8e5-4fd1-b338-e02abe7eabdf", "0c0ab283-6a4b-4681-be4f-ff7b0b77f7e2", "b4161673-dbe1-468f-acd9-68dc3e16c0a1", "250062d6-2f2c-4de0-976d-2b982324caaa", "7e3a764b-9000-4ff7-93a3-a0003870f01c"], ["249047c6-8eb1-41ab-9bc4-1b3977e6ce7d", "e15b4502-c472-47d1-8cc3-f534543c69b2", "03e176bc-c375-473d-82ac-0aea9d2c77c8", "30fe099b-7801-46c4-950c-69f8bbfb7b60", "905e78ae-f411-4505-b7cb-b07585dcff0a", "c047bba6-4363-41da-bd50-7d37ab82a312", "8b2edfa6-87a3-48fe-bbcf-18a24e2fdda0", "7ede169a-5bc2-45b8-9dbd-17751b66a11a", "28a8b868-9329-4f06-875a-ce3f5436c92d", "f6ef31cd-d510-4c0f-a6cb-1f13b67c150b"]], "archive": ["efb2e38b-feec-47f3-874a-aba46ef54de1", "094ab6ea-622f-442f-8df0-89a53447dd59", "c047bba6-4363-41da-bd50-7d37ab82a312", "28a8b868-9329-4f06-875a-ce3f5436c92d", "b4161673-dbe1-468f-acd9-68dc3e16c0a1", "249047c6-8eb1-41ab-9bc4-1b3977e6ce7d", "30fe099b-7801-46c4-950c-69f8bbfb7b60", "194bae06-3db5-4d05-a1fd-ce175cadd8c9", "a5ee2978-3ce2-472a-bcc1-e1d70965b49e", "0c0ab283-6a4b-4681-be4f-ff7b0b77f7e2", "250062d6-2f2c-4de0-976d-2b982324caaa", "904c3200-b8e5-4fd1-b338-e02abe7eabdf", "f6ef31cd-d510-4c0f-a6cb-1f13b67c150b", "e15b4502-c472-47d1-8cc3-f534543c69b2", "03e176bc-c375-473d-82ac-0aea9d2c77c8", "905e78ae-f411-4505-b7cb-b07585dcff0a", "8b2edfa6-87a3-48fe-bbcf-18a24e2fdda0", "7ede169a-5bc2-45b8-9dbd-17751b66a11a", "7e3a764b-9000-4ff7-93a3-a0003870f01c"], "best_program_id": "c047bba6-4363-41da-bd50-7d37ab82a312", "island_best_programs": ["094ab6ea-622f-442f-8df0-89a53447dd59", "c047bba6-4363-41da-bd50-7d37ab82a312"], "last_iteration": 20, "current_island": 0, "island_generations": [10, 10], "last_migration_generation": 10, "feature_stats": {"ops_per_sec": {"min": 32.212022, "max": 40.785936, "values": [32.212022, 40.479954, 40.769672, 40.480264, 40.701193, 39.902984, 40.785936, 40.063095, 40.690291, 40.753506, 40.775932, 40.76175, 40.743577, 40.546459, 40.712716, 40.172872, 40.766649, 40.566691, 40.771678, 40.751653, 40.76175, 40.785936, 40.171004]}, "p99_latency_us": {"min": 24526.24, "max": 30776.609, "values": [30776.609, 24723.29, 24535.59, 24732.626, 24578.125, 25073.346, 24526.24, 24953.549, 24682.533, 24554.881, 24551.744, 24550.753, 24582.133, 24700.593, 24616.527, 24909.389, 24545.474, 24660.963, 24539.422, 24561.276, 24550.753, 24526.24, 24915.102]}}}