{"island_feature_maps": [{"5-5": "904c3200-b8e5-4fd1-b338-e02abe7eabdf", "9-0": "a32a5db6-8b4e-4b80-b6f3-ce10a1c1426e", "8-0": "250062d6-2f2c-4de0-976d-2b982324caaa"}, {"9-0": "c047bba6-4363-41da-bd50-7d37ab82a312"}], "islands": [["194bae06-3db5-4d05-a1fd-ce175cadd8c9", "904c3200-b8e5-4fd1-b338-e02abe7eabdf", "a32a5db6-8b4e-4b80-b6f3-ce10a1c1426e", "250062d6-2f2c-4de0-976d-2b982324caaa", "7e3a764b-9000-4ff7-93a3-a0003870f01c"], ["c047bba6-4363-41da-bd50-7d37ab82a312", "7ede169a-5bc2-45b8-9dbd-17751b66a11a", "28a8b868-9329-4f06-875a-ce3f5436c92d", "f6ef31cd-d510-4c0f-a6cb-1f13b67c150b"]], "archive": ["194bae06-3db5-4d05-a1fd-ce175cadd8c9", "c047bba6-4363-41da-bd50-7d37ab82a312", "f6ef31cd-d510-4c0f-a6cb-1f13b67c150b", "7ede169a-5bc2-45b8-9dbd-17751b66a11a", "250062d6-2f2c-4de0-976d-2b982324caaa", "28a8b868-9329-4f06-875a-ce3f5436c92d", "a32a5db6-8b4e-4b80-b6f3-ce10a1c1426e", "904c3200-b8e5-4fd1-b338-e02abe7eabdf", "7e3a764b-9000-4ff7-93a3-a0003870f01c"], "best_program_id": "c047bba6-4363-41da-bd50-7d37ab82a312", "island_best_programs": ["a32a5db6-8b4e-4b80-b6f3-ce10a1c1426e", "c047bba6-4363-41da-bd50-7d37ab82a312"], "last_iteration": 10, "current_island": 0, "island_generations": [5, 5], "last_migration_generation": 0, "feature_stats": {"ops_per_sec": {"min": 32.212022, "max": 40.785936, "values": [32.212022, 40.479954, 40.769672, 40.480264, 40.701193, 39.902984, 40.785936, 40.063095, 40.690291, 40.753506, 40.775932]}, "p99_latency_us": {"min": 24526.24, "max": 30776.609, "values": [30776.609, 24723.29, 24535.59, 24732.626, 24578.125, 25073.346, 24526.24, 24953.549, 24682.533, 24554.881, 24551.744]}}}