{
  "id": "36bafb18-a84c-469b-86a8-8053509a010d",
  "generation": 3,
  "iteration": 29,
  "timestamp": 1770565486.1974707,
  "parent_id": "86b39657-acb7-4a33-a984-f28c1ebfa622",
  "metrics": {
    "combined_score": 1.5707,
    "ops_per_sec": 398.416994,
    "p99_latency_us": 2512.162,
    "bcoz_max_speedup": 5.0,
    "bperf_offcpu_ratio": 0.02
  },
  "language": "cpp",
  "saved_at": 1770565830.74536
}